temps;intensite
-0,005;0,56
-0,004996;0,556
-0,004992;0,564
-0,004988;0,56
-0,004984;0,56
-0,00498;0,56
-0,004976;0,564
-0,004972;0,564
-0,004968;0,564
-0,004964;0,568
-0,00496;0,564
-0,004956;0,564
-0,004952;0,572
-0,004948;0,568
-0,004944;0,568
-0,00494;0,568
-0,004936;0,568
-0,004932;0,572
-0,004928;0,564
-0,004924;0,568
-0,00492;0,568
-0,004916;0,568
-0,004912;0,568
-0,004908;0,568
-0,004904;0,568
-0,0049;0,568
-0,004896;0,564
-0,004892;0,564
-0,004888;0,56
-0,004884;0,56
-0,00488;0,56
-0,004876;0,56
-0,004872;0,56
-0,004868;0,556
-0,004864;0,556
-0,00486;0,556
-0,004856;0,552
-0,004852;0,552
-0,004848;0,548
-0,004844;0,548
-0,00484;0,544
-0,004836;0,54
-0,004832;0,544
-0,004828;0,544
-0,004824;0,536
-0,00482;0,532
-0,004816;0,532
-0,004812;0,532
-0,004808;0,528
-0,004804;0,524
-0,0048;0,52
-0,004796;0,52
-0,004792;0,52
-0,004788;0,516
-0,004784;0,512
-0,00478;0,512
-0,004776;0,508
-0,004772;0,504
-0,004768;0,504
-0,004764;0,5
-0,00476;0,496
-0,004756;0,492
-0,004752;0,492
-0,004748;0,488
-0,004744;0,488
-0,00474;0,484
-0,004736;0,48
-0,004732;0,48
-0,004728;0,48
-0,004724;0,472
-0,00472;0,472
-0,004716;0,472
-0,004712;0,468
-0,004708;0,464
-0,004704;0,464
-0,0047;0,46
-0,004696;0,456
-0,004692;0,456
-0,004688;0,452
-0,004684;0,452
-0,00468;0,452
-0,004676;0,452
-0,004672;0,452
-0,004668;0,448
-0,004664;0,448
-0,00466;0,444
-0,004656;0,444
-0,004652;0,444
-0,004648;0,444
-0,004644;0,44
-0,00464;0,44
-0,004636;0,444
-0,004632;0,44
-0,004628;0,44
-0,004624;0,444
-0,00462;0,44
-0,004616;0,444
-0,004612;0,448
-0,004608;0,448
-0,004604;0,448
-0,0046;0,448
-0,004596;0,452
-0,004592;0,452
-0,004588;0,452
-0,004584;0,456
-0,00458;0,456
-0,004576;0,46
-0,004572;0,46
-0,004568;0,464
-0,004564;0,464
-0,00456;0,468
-0,004556;0,472
-0,004552;0,476
-0,004548;0,48
-0,004544;0,48
-0,00454;0,48
-0,004536;0,484
-0,004532;0,488
-0,004528;0,488
-0,004524;0,492
-0,00452;0,496
-0,004516;0,5
-0,004512;0,508
-0,004508;0,508
-0,004504;0,512
-0,0045;0,516
-0,004496;0,516
-0,004492;0,52
-0,004488;0,524
-0,004484;0,528
-0,00448;0,524
-0,004476;0,532
-0,004472;0,532
-0,004468;0,536
-0,004464;0,536
-0,00446;0,544
-0,004456;0,544
-0,004452;0,548
-0,004448;0,548
-0,004444;0,552
-0,00444;0,556
-0,004436;0,552
-0,004432;0,556
-0,004428;0,556
-0,004424;0,556
-0,00442;0,56
-0,004416;0,56
-0,004412;0,56
-0,004408;0,56
-0,004404;0,564
-0,0044;0,564
-0,004396;0,564
-0,004392;0,56
-0,004388;0,56
-0,004384;0,56
-0,00438;0,56
-0,004376;0,56
-0,004372;0,556
-0,004368;0,556
-0,004364;0,556
-0,00436;0,556
-0,004356;0,556
-0,004352;0,552
-0,004348;0,548
-0,004344;0,548
-0,00434;0,544
-0,004336;0,544
-0,004332;0,536
-0,004328;0,536
-0,004324;0,532
-0,00432;0,528
-0,004316;0,528
-0,004312;0,524
-0,004308;0,52
-0,004304;0,516
-0,0043;0,512
-0,004296;0,512
-0,004292;0,508
-0,004288;0,504
-0,004284;0,5
-0,00428;0,496
-0,004276;0,492
-0,004272;0,488
-0,004268;0,488
-0,004264;0,48
-0,00426;0,48
-0,004256;0,48
-0,004252;0,472
-0,004248;0,472
-0,004244;0,468
-0,00424;0,464
-0,004236;0,46
-0,004232;0,46
-0,004228;0,456
-0,004224;0,452
-0,00422;0,456
-0,004216;0,448
-0,004212;0,444
-0,004208;0,444
-0,004204;0,44
-0,0042;0,44
-0,004196;0,44
-0,004192;0,44
-0,004188;0,44
-0,004184;0,436
-0,00418;0,436
-0,004176;0,436
-0,004172;0,436
-0,004168;0,432
-0,004164;0,432
-0,00416;0,436
-0,004156;0,436
-0,004152;0,436
-0,004148;0,436
-0,004144;0,44
-0,00414;0,44
-0,004136;0,44
-0,004132;0,444
-0,004128;0,444
-0,004124;0,448
-0,00412;0,448
-0,004116;0,452
-0,004112;0,452
-0,004108;0,456
-0,004104;0,456
-0,0041;0,46
-0,004096;0,468
-0,004092;0,464
-0,004088;0,468
-0,004084;0,472
-0,00408;0,48
-0,004076;0,476
-0,004072;0,484
-0,004068;0,488
-0,004064;0,488
-0,00406;0,492
-0,004056;0,496
-0,004052;0,504
-0,004048;0,504
-0,004044;0,508
-0,00404;0,512
-0,004036;0,516
-0,004032;0,52
-0,004028;0,52
-0,004024;0,52
-0,00402;0,528
-0,004016;0,532
-0,004012;0,536
-0,004008;0,536
-0,004004;0,536
-0,004;0,54
-0,003996;0,548
-0,003992;0,552
-0,003988;0,552
-0,003984;0,552
-0,00398;0,556
-0,003976;0,556
-0,003972;0,556
-0,003968;0,56
-0,003964;0,56
-0,00396;0,564
-0,003956;0,564
-0,003952;0,568
-0,003948;0,564
-0,003944;0,568
-0,00394;0,568
-0,003936;0,572
-0,003932;0,568
-0,003928;0,568
-0,003924;0,568
-0,00392;0,564
-0,003916;0,572
-0,003912;0,564
-0,003908;0,564
-0,003904;0,564
-0,0039;0,564
-0,003896;0,564
-0,003892;0,564
-0,003888;0,56
-0,003884;0,564
-0,00388;0,56
-0,003876;0,56
-0,003872;0,556
-0,003868;0,556
-0,003864;0,552
-0,00386;0,548
-0,003856;0,548
-0,003852;0,544
-0,003848;0,54
-0,003844;0,536
-0,00384;0,536
-0,003836;0,532
-0,003832;0,528
-0,003828;0,528
-0,003824;0,52
-0,00382;0,52
-0,003816;0,516
-0,003812;0,516
-0,003808;0,512
-0,003804;0,512
-0,0038;0,504
-0,003796;0,504
-0,003792;0,5
-0,003788;0,496
-0,003784;0,496
-0,00378;0,492
-0,003776;0,488
-0,003772;0,488
-0,003768;0,484
-0,003764;0,48
-0,00376;0,48
-0,003756;0,476
-0,003752;0,476
-0,003748;0,468
-0,003744;0,468
-0,00374;0,468
-0,003736;0,464
-0,003732;0,46
-0,003728;0,46
-0,003724;0,456
-0,00372;0,452
-0,003716;0,452
-0,003712;0,452
-0,003708;0,448
-0,003704;0,448
-0,0037;0,444
-0,003696;0,448
-0,003692;0,444
-0,003688;0,444
-0,003684;0,44
-0,00368;0,444
-0,003676;0,444
-0,003672;0,44
-0,003668;0,44
-0,003664;0,44
-0,00366;0,436
-0,003656;0,436
-0,003652;0,44
-0,003648;0,44
-0,003644;0,436
-0,00364;0,44
-0,003636;0,44
-0,003632;0,44
-0,003628;0,44
-0,003624;0,436
-0,00362;0,44
-0,003616;0,44
-0,003612;0,444
-0,003608;0,444
-0,003604;0,44
-0,0036;0,444
-0,003596;0,444
-0,003592;0,448
-0,003588;0,448
-0,003584;0,448
-0,00358;0,448
-0,003576;0,456
-0,003572;0,452
-0,003568;0,46
-0,003564;0,46
-0,00356;0,464
-0,003556;0,464
-0,003552;0,464
-0,003548;0,464
-0,003544;0,468
-0,00354;0,468
-0,003536;0,472
-0,003532;0,472
-0,003528;0,472
-0,003524;0,476
-0,00352;0,476
-0,003516;0,48
-0,003512;0,48
-0,003508;0,484
-0,003504;0,484
-0,0035;0,488
-0,003496;0,488
-0,003492;0,488
-0,003488;0,488
-0,003484;0,492
-0,00348;0,496
-0,003476;0,496
-0,003472;0,5
-0,003468;0,5
-0,003464;0,5
-0,00346;0,504
-0,003456;0,508
-0,003452;0,508
-0,003448;0,512
-0,003444;0,512
-0,00344;0,516
-0,003436;0,516
-0,003432;0,516
-0,003428;0,52
-0,003424;0,52
-0,00342;0,52
-0,003416;0,524
-0,003412;0,524
-0,003408;0,528
-0,003404;0,528
-0,0034;0,532
-0,003396;0,532
-0,003392;0,532
-0,003388;0,536
-0,003384;0,532
-0,00338;0,54
-0,003376;0,536
-0,003372;0,536
-0,003368;0,544
-0,003364;0,54
-0,00336;0,544
-0,003356;0,544
-0,003352;0,544
-0,003348;0,548
-0,003344;0,548
-0,00334;0,548
-0,003336;0,548
-0,003332;0,548
-0,003328;0,552
-0,003324;0,548
-0,00332;0,552
-0,003316;0,552
-0,003312;0,556
-0,003308;0,556
-0,003304;0,556
-0,0033;0,556
-0,003296;0,556
-0,003292;0,556
-0,003288;0,556
-0,003284;0,556
-0,00328;0,56
-0,003276;0,56
-0,003272;0,56
-0,003268;0,56
-0,003264;0,56
-0,00326;0,56
-0,003256;0,56
-0,003252;0,56
-0,003248;0,56
-0,003244;0,56
-0,00324;0,56
-0,003236;0,56
-0,003232;0,56
-0,003228;0,56
-0,003224;0,56
-0,00322;0,56
-0,003216;0,564
-0,003212;0,568
-0,003208;0,564
-0,003204;0,56
-0,0032;0,564
-0,003196;0,556
-0,003192;0,56
-0,003188;0,56
-0,003184;0,564
-0,00318;0,564
-0,003176;0,568
-0,003172;0,564
-0,003168;0,56
-0,003164;0,564
-0,00316;0,564
-0,003156;0,56
-0,003152;0,564
-0,003148;0,56
-0,003144;0,56
-0,00314;0,564
-0,003136;0,56
-0,003132;0,56
-0,003128;0,56
-0,003124;0,564
-0,00312;0,564
-0,003116;0,564
-0,003112;0,564
-0,003108;0,564
-0,003104;0,56
-0,0031;0,564
-0,003096;0,564
-0,003092;0,56
-0,003088;0,564
-0,003084;0,56
-0,00308;0,56
-0,003076;0,56
-0,003072;0,56
-0,003068;0,56
-0,003064;0,564
-0,00306;0,56
-0,003056;0,56
-0,003052;0,56
-0,003048;0,56
-0,003044;0,56
-0,00304;0,56
-0,003036;0,556
-0,003032;0,56
-0,003028;0,56
-0,003024;0,56
-0,00302;0,56
-0,003016;0,56
-0,003012;0,564
-0,003008;0,56
-0,003004;0,56
-0,003;0,56
-0,002996;0,56
-0,002992;0,56
-0,002988;0,56
-0,002984;0,56
-0,00298;0,56
-0,002976;0,56
-0,002972;0,56
-0,002968;0,56
-0,002964;0,556
-0,00296;0,56
-0,002956;0,56
-0,002952;0,564
-0,002948;0,56
-0,002944;0,56
-0,00294;0,56
-0,002936;0,56
-0,002932;0,56
-0,002928;0,56
-0,002924;0,56
-0,00292;0,56
-0,002916;0,56
-0,002912;0,56
-0,002908;0,56
-0,002904;0,56
-0,0029;0,564
-0,002896;0,56
-0,002892;0,56
-0,002888;0,56
-0,002884;0,56
-0,00288;0,56
-0,002876;0,56
-0,002872;0,56
-0,002868;0,56
-0,002864;0,56
-0,00286;0,56
-0,002856;0,56
-0,002852;0,56
-0,002848;0,564
-0,002844;0,56
-0,00284;0,56
-0,002836;0,56
-0,002832;0,564
-0,002828;0,56
-0,002824;0,56
-0,00282;0,56
-0,002816;0,56
-0,002812;0,564
-0,002808;0,56
-0,002804;0,564
-0,0028;0,56
-0,002796;0,56
-0,002792;0,568
-0,002788;0,564
-0,002784;0,564
-0,00278;0,56
-0,002776;0,56
-0,002772;0,564
-0,002768;0,564
-0,002764;0,564
-0,00276;0,564
-0,002756;0,564
-0,002752;0,564
-0,002748;0,56
-0,002744;0,564
-0,00274;0,564
-0,002736;0,564
-0,002732;0,564
-0,002728;0,564
-0,002724;0,56
-0,00272;0,56
-0,002716;0,56
-0,002712;0,564
-0,002708;0,564
-0,002704;0,564
-0,0027;0,564
-0,002696;0,56
-0,002692;0,564
-0,002688;0,564
-0,002684;0,56
-0,00268;0,56
-0,002676;0,56
-0,002672;0,56
-0,002668;0,56
-0,002664;0,56
-0,00266;0,56
-0,002656;0,56
-0,002652;0,556
-0,002648;0,56
-0,002644;0,56
-0,00264;0,556
-0,002636;0,56
-0,002632;0,56
-0,002628;0,556
-0,002624;0,556
-0,00262;0,556
-0,002616;0,556
-0,002612;0,552
-0,002608;0,556
-0,002604;0,556
-0,0026;0,552
-0,002596;0,552
-0,002592;0,556
-0,002588;0,552
-0,002584;0,556
-0,00258;0,548
-0,002576;0,552
-0,002572;0,548
-0,002568;0,552
-0,002564;0,548
-0,00256;0,548
-0,002556;0,552
-0,002552;0,544
-0,002548;0,548
-0,002544;0,544
-0,00254;0,544
-0,002536;0,544
-0,002532;0,54
-0,002528;0,54
-0,002524;0,536
-0,00252;0,544
-0,002516;0,536
-0,002512;0,536
-0,002508;0,532
-0,002504;0,532
-0,0025;0,532
-0,002496;0,532
-0,002492;0,528
-0,002488;0,532
-0,002484;0,528
-0,00248;0,528
-0,002476;0,524
-0,002472;0,52
-0,002468;0,524
-0,002464;0,52
-0,00246;0,52
-0,002456;0,52
-0,002452;0,516
-0,002448;0,516
-0,002444;0,512
-0,00244;0,516
-0,002436;0,508
-0,002432;0,508
-0,002428;0,508
-0,002424;0,504
-0,00242;0,504
-0,002416;0,504
-0,002412;0,504
-0,002408;0,5
-0,002404;0,5
-0,0024;0,496
-0,002396;0,492
-0,002392;0,492
-0,002388;0,492
-0,002384;0,488
-0,00238;0,488
-0,002376;0,488
-0,002372;0,484
-0,002368;0,484
-0,002364;0,48
-0,00236;0,48
-0,002356;0,48
-0,002352;0,476
-0,002348;0,476
-0,002344;0,472
-0,00234;0,472
-0,002336;0,472
-0,002332;0,468
-0,002328;0,468
-0,002324;0,464
-0,00232;0,46
-0,002316;0,464
-0,002312;0,464
-0,002308;0,464
-0,002304;0,46
-0,0023;0,456
-0,002296;0,456
-0,002292;0,456
-0,002288;0,452
-0,002284;0,452
-0,00228;0,452
-0,002276;0,448
-0,002272;0,448
-0,002268;0,452
-0,002264;0,444
-0,00226;0,448
-0,002256;0,444
-0,002252;0,444
-0,002248;0,44
-0,002244;0,44
-0,00224;0,44
-0,002236;0,44
-0,002232;0,44
-0,002228;0,44
-0,002224;0,44
-0,00222;0,44
-0,002216;0,444
-0,002212;0,436
-0,002208;0,44
-0,002204;0,44
-0,0022;0,444
-0,002196;0,44
-0,002192;0,44
-0,002188;0,436
-0,002184;0,44
-0,00218;0,444
-0,002176;0,44
-0,002172;0,44
-0,002168;0,444
-0,002164;0,44
-0,00216;0,448
-0,002156;0,448
-0,002152;0,448
-0,002148;0,448
-0,002144;0,448
-0,00214;0,448
-0,002136;0,452
-0,002132;0,456
-0,002128;0,46
-0,002124;0,456
-0,00212;0,46
-0,002116;0,46
-0,002112;0,464
-0,002108;0,464
-0,002104;0,468
-0,0021;0,468
-0,002096;0,472
-0,002092;0,476
-0,002088;0,476
-0,002084;0,48
-0,00208;0,484
-0,002076;0,484
-0,002072;0,484
-0,002068;0,488
-0,002064;0,492
-0,00206;0,496
-0,002056;0,492
-0,002052;0,5
-0,002048;0,504
-0,002044;0,504
-0,00204;0,508
-0,002036;0,516
-0,002032;0,512
-0,002028;0,516
-0,002024;0,516
-0,00202;0,524
-0,002016;0,516
-0,002012;0,524
-0,002008;0,524
-0,002004;0,536
-0,002;0,536
-0,001996;0,536
-0,001992;0,54
-0,001988;0,54
-0,001984;0,54
-0,00198;0,548
-0,001976;0,548
-0,001972;0,552
-0,001968;0,552
-0,001964;0,556
-0,00196;0,556
-0,001956;0,56
-0,001952;0,56
-0,001948;0,56
-0,001944;0,56
-0,00194;0,564
-0,001936;0,564
-0,001932;0,568
-0,001928;0,568
-0,001924;0,564
-0,00192;0,568
-0,001916;0,568
-0,001912;0,572
-0,001908;0,568
-0,001904;0,568
-0,0019;0,572
-0,001896;0,572
-0,001892;0,572
-0,001888;0,568
-0,001884;0,568
-0,00188;0,564
-0,001876;0,568
-0,001872;0,568
-0,001868;0,56
-0,001864;0,564
-0,00186;0,56
-0,001856;0,56
-0,001852;0,56
-0,001848;0,56
-0,001844;0,556
-0,00184;0,552
-0,001836;0,552
-0,001832;0,552
-0,001828;0,548
-0,001824;0,544
-0,00182;0,54
-0,001816;0,54
-0,001812;0,536
-0,001808;0,536
-0,001804;0,528
-0,0018;0,524
-0,001796;0,524
-0,001792;0,52
-0,001788;0,516
-0,001784;0,516
-0,00178;0,512
-0,001776;0,508
-0,001772;0,504
-0,001768;0,5
-0,001764;0,5
-0,00176;0,492
-0,001756;0,488
-0,001752;0,488
-0,001748;0,484
-0,001744;0,484
-0,00174;0,48
-0,001736;0,476
-0,001732;0,472
-0,001728;0,468
-0,001724;0,464
-0,00172;0,464
-0,001716;0,46
-0,001712;0,46
-0,001708;0,456
-0,001704;0,452
-0,0017;0,448
-0,001696;0,448
-0,001692;0,448
-0,001688;0,444
-0,001684;0,444
-0,00168;0,44
-0,001676;0,44
-0,001672;0,44
-0,001668;0,44
-0,001664;0,436
-0,00166;0,436
-0,001656;0,436
-0,001652;0,432
-0,001648;0,436
-0,001644;0,436
-0,00164;0,436
-0,001636;0,436
-0,001632;0,436
-0,001628;0,436
-0,001624;0,436
-0,00162;0,444
-0,001616;0,44
-0,001612;0,44
-0,001608;0,44
-0,001604;0,444
-0,0016;0,44
-0,001596;0,448
-0,001592;0,452
-0,001588;0,456
-0,001584;0,46
-0,00158;0,46
-0,001576;0,464
-0,001572;0,464
-0,001568;0,468
-0,001564;0,472
-0,00156;0,476
-0,001556;0,476
-0,001552;0,48
-0,001548;0,48
-0,001544;0,488
-0,00154;0,488
-0,001536;0,496
-0,001532;0,496
-0,001528;0,5
-0,001524;0,504
-0,00152;0,508
-0,001516;0,512
-0,001512;0,512
-0,001508;0,516
-0,001504;0,524
-0,0015;0,524
-0,001496;0,528
-0,001492;0,528
-0,001488;0,532
-0,001484;0,532
-0,00148;0,54
-0,001476;0,54
-0,001472;0,544
-0,001468;0,548
-0,001464;0,548
-0,00146;0,552
-0,001456;0,552
-0,001452;0,552
-0,001448;0,556
-0,001444;0,56
-0,00144;0,556
-0,001436;0,56
-0,001432;0,56
-0,001428;0,56
-0,001424;0,56
-0,00142;0,56
-0,001416;0,56
-0,001412;0,564
-0,001408;0,56
-0,001404;0,56
-0,0014;0,56
-0,001396;0,56
-0,001392;0,56
-0,001388;0,56
-0,001384;0,56
-0,00138;0,556
-0,001376;0,556
-0,001372;0,552
-0,001368;0,556
-0,001364;0,548
-0,00136;0,548
-0,001356;0,544
-0,001352;0,544
-0,001348;0,54
-0,001344;0,536
-0,00134;0,532
-0,001336;0,528
-0,001332;0,528
-0,001328;0,532
-0,001324;0,524
-0,00132;0,52
-0,001316;0,516
-0,001312;0,512
-0,001308;0,508
-0,001304;0,504
-0,0013;0,504
-0,001296;0,5
-0,001292;0,496
-0,001288;0,496
-0,001284;0,488
-0,00128;0,488
-0,001276;0,484
-0,001272;0,48
-0,001268;0,476
-0,001264;0,476
-0,00126;0,468
-0,001256;0,468
-0,001252;0,464
-0,001248;0,464
-0,001244;0,46
-0,00124;0,46
-0,001236;0,46
-0,001232;0,456
-0,001228;0,456
-0,001224;0,452
-0,00122;0,452
-0,001216;0,448
-0,001212;0,448
-0,001208;0,452
-0,001204;0,448
-0,0012;0,44
-0,001196;0,444
-0,001192;0,44
-0,001188;0,44
-0,001184;0,444
-0,00118;0,44
-0,001176;0,444
-0,001172;0,444
-0,001168;0,444
-0,001164;0,444
-0,00116;0,444
-0,001156;0,444
-0,001152;0,448
-0,001148;0,448
-0,001144;0,448
-0,00114;0,444
-0,001136;0,452
-0,001132;0,456
-0,001128;0,456
-0,001124;0,456
-0,00112;0,464
-0,001116;0,464
-0,001112;0,468
-0,001108;0,468
-0,001104;0,468
-0,0011;0,476
-0,001096;0,476
-0,001092;0,476
-0,001088;0,476
-0,001084;0,484
-0,00108;0,484
-0,001076;0,488
-0,001072;0,488
-0,001068;0,492
-0,001064;0,496
-0,00106;0,5
-0,001056;0,504
-0,001052;0,504
-0,001048;0,504
-0,001044;0,512
-0,00104;0,516
-0,001036;0,516
-0,001032;0,52
-0,001028;0,52
-0,001024;0,524
-0,00102;0,532
-0,001016;0,532
-0,001012;0,532
-0,001008;0,536
-0,001004;0,54
-0,001;0,54
-0,000996;0,54
-0,000992;0,544
-0,000988;0,544
-0,000984;0,548
-0,00098;0,552
-0,000976;0,552
-0,000972;0,556
-0,000968;0,556
-0,000964;0,56
-0,00096;0,56
-0,000956;0,56
-0,000952;0,56
-0,000948;0,56
-0,000944;0,564
-0,00094;0,564
-0,000936;0,564
-0,000932;0,564
-0,000928;0,564
-0,000924;0,564
-0,00092;0,568
-0,000916;0,568
-0,000912;0,564
-0,000908;0,564
-0,000904;0,568
-0,0009;0,568
-0,000896;0,564
-0,000892;0,568
-0,000888;0,568
-0,000884;0,568
-0,00088;0,564
-0,000876;0,564
-0,000872;0,568
-0,000868;0,564
-0,000864;0,564
-0,00086;0,564
-0,000856;0,568
-0,000852;0,564
-0,000848;0,56
-0,000844;0,56
-0,00084;0,556
-0,000836;0,556
-0,000832;0,556
-0,000828;0,552
-0,000824;0,552
-0,00082;0,552
-0,000816;0,552
-0,000812;0,548
-0,000808;0,548
-0,000804;0,544
-0,0008;0,544
-0,000796;0,544
-0,000792;0,536
-0,000788;0,54
-0,000784;0,536
-0,00078;0,536
-0,000776;0,532
-0,000772;0,532
-0,000768;0,528
-0,000764;0,528
-0,00076;0,524
-0,000756;0,528
-0,000752;0,52
-0,000748;0,52
-0,000744;0,52
-0,00074;0,516
-0,000736;0,516
-0,000732;0,512
-0,000728;0,508
-0,000724;0,508
-0,00072;0,508
-0,000716;0,504
-0,000712;0,504
-0,000708;0,504
-0,000704;0,504
-0,0007;0,5
-0,000696;0,496
-0,000692;0,496
-0,000688;0,492
-0,000684;0,492
-0,00068;0,488
-0,000676;0,488
-0,000672;0,488
-0,000668;0,484
-0,000664;0,484
-0,00066;0,484
-0,000656;0,484
-0,000652;0,48
-0,000648;0,48
-0,000644;0,48
-0,00064;0,476
-0,000636;0,476
-0,000632;0,476
-0,000628;0,476
-0,000624;0,472
-0,00062;0,468
-0,000616;0,472
-0,000612;0,468
-0,000608;0,468
-0,000604;0,464
-0,0006;0,464
-0,000596;0,464
-0,000592;0,464
-0,000588;0,46
-0,000584;0,46
-0,00058;0,456
-0,000576;0,46
-0,000572;0,456
-0,000568;0,456
-0,000564;0,456
-0,00056;0,456
-0,000556;0,456
-0,000552;0,456
-0,000548;0,452
-0,000544;0,448
-0,00054;0,452
-0,000536;0,452
-0,000532;0,452
-0,000528;0,452
-0,000524;0,448
-0,00052;0,452
-0,000516;0,452
-0,000512;0,444
-0,000508;0,448
-0,000504;0,448
-0,0005;0,44
-0,000496;0,448
-0,000492;0,448
-0,000488;0,448
-0,000484;0,444
-0,00048;0,448
-0,000476;0,444
-0,000472;0,444
-0,000468;0,444
-0,000464;0,444
-0,00046;0,444
-0,000456;0,444
-0,000452;0,44
-0,000448;0,444
-0,000444;0,444
-0,00044;0,444
-0,000436;0,44
-0,000432;0,444
-0,000428;0,444
-0,000424;0,444
-0,00042;0,444
-0,000416;0,44
-0,000412;0,44
-0,000408;0,444
-0,000404;0,444
-0,0004;0,44
-0,000396;0,444
-0,000392;0,44
-0,000388;0,444
-0,000384;0,44
-0,00038;0,44
-0,000376;0,44
-0,000372;0,444
-0,000368;0,44
-0,000364;0,444
-0,00036;0,444
-0,000356;0,444
-0,000352;0,44
-0,000348;0,44
-0,000344;0,444
-0,00034;0,444
-0,000336;0,44
-0,000332;0,44
-0,000328;0,44
-0,000324;0,44
-0,00032;0,44
-0,000316;0,44
-0,000312;0,44
-0,000308;0,44
-0,000304;0,44
-0,0003;0,44
-0,000296;0,444
-0,000292;0,44
-0,000288;0,44
-0,000284;0,44
-0,00028;0,44
-0,000276;0,444
-0,000272;0,44
-0,000268;0,444
-0,000264;0,444
-0,00026;0,444
-0,000256;0,444
-0,000252;0,44
-0,000248;0,44
-0,000244;0,436
-0,00024;0,44
-0,000236;0,444
-0,000232;0,452
-0,000228;0,444
-0,000224;0,44
-0,00022;0,44
-0,000216;0,44
-0,000212;0,44
-0,000208;0,444
-0,000204;0,444
-0,0002;0,444
-0,000196;0,44
-0,000192;0,444
-0,000188;0,444
-0,000184;0,44
-0,00018;0,444
-0,000176;0,44
-0,000172;0,44
-0,000168;0,44
-0,000164;0,444
-0,00016;0,44
-0,000156;0,444
-0,000152;0,44
-0,000148;0,444
-0,000144;0,444
-0,00014;0,448
-0,000136;0,444
-0,000132;0,448
-0,000128;0,444
-0,000124;0,444
-0,00012;0,444
-0,000116;0,444
-0,000112;0,44
-0,000108;0,444
-0,000104;0,448
-0,0001;0,452
-0,000096;0,448
-0,000092;0,444
-0,000088;0,448
-0,000084;0,448
-0,00008;0,448
-0,000076;0,448
-0,000072;0,448
-0,000068;0,448
-0,000064;0,448
-0,00006;0,448
-0,000056;0,448
-0,000052;0,452
-0,000048;0,452
-0,000044;0,452
-0,00004;0,452
-0,000036;0,456
-0,000032;0,452
-0,000028;0,452
-0,000024;0,456
-0,00002;0,456
-0,000016;0,46
-0,000012;0,456
-0,000008;0,452
-0,000004;0,456
0;0,46
0,000004;0,46
0,000008;0,46
0,000012;0,46
0,000016;0,464
0,00002;0,464
0,000024;0,464
0,000028;0,464
0,000032;0,468
0,000036;0,468
0,00004;0,468
0,000044;0,472
0,000048;0,472
0,000052;0,472
0,000056;0,472
0,00006;0,476
0,000064;0,476
0,000068;0,476
0,000072;0,476
0,000076;0,472
0,00008;0,476
0,000084;0,48
0,000088;0,48
0,000092;0,48
0,000096;0,484
0,0001;0,48
0,000104;0,484
0,000108;0,488
0,000112;0,488
0,000116;0,488
0,00012;0,488
0,000124;0,496
0,000128;0,492
0,000132;0,492
0,000136;0,496
0,00014;0,5
0,000144;0,5
0,000148;0,5
0,000152;0,504
0,000156;0,504
0,00016;0,504
0,000164;0,508
0,000168;0,508
0,000172;0,508
0,000176;0,516
0,00018;0,512
0,000184;0,512
0,000188;0,516
0,000192;0,516
0,000196;0,52
0,0002;0,52
0,000204;0,524
0,000208;0,524
0,000212;0,524
0,000216;0,528
0,00022;0,524
0,000224;0,532
0,000228;0,532
0,000232;0,536
0,000236;0,54
0,00024;0,536
0,000244;0,54
0,000248;0,54
0,000252;0,544
0,000256;0,544
0,00026;0,544
0,000264;0,544
0,000268;0,548
0,000272;0,548
0,000276;0,548
0,00028;0,552
0,000284;0,556
0,000288;0,556
0,000292;0,556
0,000296;0,556
0,0003;0,552
0,000304;0,56
0,000308;0,56
0,000312;0,568
0,000316;0,564
0,00032;0,56
0,000324;0,564
0,000328;0,564
0,000332;0,564
0,000336;0,572
0,00034;0,564
0,000344;0,568
0,000348;0,552
0,000352;0,568
0,000356;0,568
0,00036;0,572
0,000364;0,568
0,000368;0,564
0,000372;0,568
0,000376;0,568
0,00038;0,568
0,000384;0,564
0,000388;0,568
0,000392;0,568
0,000396;0,572
0,0004;0,568
0,000404;0,568
0,000408;0,568
0,000412;0,564
0,000416;0,564
0,00042;0,564
0,000424;0,56
0,000428;0,56
0,000432;0,56
0,000436;0,56
0,00044;0,552
0,000444;0,56
0,000448;0,556
0,000452;0,552
0,000456;0,552
0,00046;0,548
0,000464;0,548
0,000468;0,544
0,000472;0,548
0,000476;0,54
0,00048;0,54
0,000484;0,536
0,000488;0,536
0,000492;0,536
0,000496;0,532
0,0005;0,532
0,000504;0,528
0,000508;0,52
0,000512;0,52
0,000516;0,516
0,00052;0,516
0,000524;0,516
0,000528;0,512
0,000532;0,5
0,000536;0,508
0,00054;0,504
0,000544;0,504
0,000548;0,5
0,000552;0,496
0,000556;0,492
0,00056;0,492
0,000564;0,488
0,000568;0,48
0,000572;0,484
0,000576;0,48
0,00058;0,48
0,000584;0,476
0,000588;0,476
0,000592;0,472
0,000596;0,472
0,0006;0,464
0,000604;0,464
0,000608;0,46
0,000612;0,46
0,000616;0,46
0,00062;0,456
0,000624;0,456
0,000628;0,456
0,000632;0,456
0,000636;0,448
0,00064;0,448
0,000644;0,448
0,000648;0,448
0,000652;0,448
0,000656;0,444
0,00066;0,44
0,000664;0,444
0,000668;0,436
0,000672;0,444
0,000676;0,444
0,00068;0,444
0,000684;0,444
0,000688;0,448
0,000692;0,448
0,000696;0,444
0,0007;0,448
0,000704;0,444
0,000708;0,452
0,000712;0,452
0,000716;0,452
0,00072;0,456
0,000724;0,456
0,000728;0,46
0,000732;0,464
0,000736;0,464
0,00074;0,464
0,000744;0,468
0,000748;0,468
0,000752;0,472
0,000756;0,476
0,00076;0,476
0,000764;0,476
0,000768;0,476
0,000772;0,488
0,000776;0,488
0,00078;0,488
0,000784;0,492
0,000788;0,496
0,000792;0,5
0,000796;0,5
0,0008;0,492
0,000804;0,508
0,000808;0,512
0,000812;0,516
0,000816;0,516
0,00082;0,52
0,000824;0,524
0,000828;0,532
0,000832;0,532
0,000836;0,532
0,00084;0,536
0,000844;0,536
0,000848;0,54
0,000852;0,544
0,000856;0,544
0,00086;0,548
0,000864;0,552
0,000868;0,552
0,000872;0,552
0,000876;0,556
0,00088;0,556
0,000884;0,56
0,000888;0,56
0,000892;0,56
0,000896;0,56
0,0009;0,56
0,000904;0,56
0,000908;0,56
0,000912;0,56
0,000916;0,564
0,00092;0,56
0,000924;0,564
0,000928;0,56
0,000932;0,56
0,000936;0,568
0,00094;0,564
0,000944;0,56
0,000948;0,56
0,000952;0,556
0,000956;0,556
0,00096;0,556
0,000964;0,552
0,000968;0,552
0,000972;0,544
0,000976;0,544
0,00098;0,54
0,000984;0,536
0,000988;0,54
0,000992;0,532
0,000996;0,532
0,001;0,532
0,001004;0,52
0,001008;0,528
0,001012;0,516
0,001016;0,512
0,00102;0,508
0,001024;0,5
0,001028;0,504
0,001032;0,5
0,001036;0,5
0,00104;0,492
0,001044;0,488
0,001048;0,476
0,001052;0,48
0,001056;0,476
0,00106;0,46
0,001064;0,472
0,001068;0,472
0,001072;0,464
0,001076;0,464
0,00108;0,46
0,001084;0,46
0,001088;0,456
0,001092;0,452
0,001096;0,452
0,0011;0,452
0,001104;0,452
0,001108;0,444
0,001112;0,44
0,001116;0,436
0,00112;0,44
0,001124;0,44
0,001128;0,436
0,001132;0,44
0,001136;0,436
0,00114;0,44
0,001144;0,436
0,001148;0,436
0,001152;0,436
0,001156;0,436
0,00116;0,44
0,001164;0,436
0,001168;0,436
0,001172;0,44
0,001176;0,452
0,00118;0,444
0,001184;0,448
0,001188;0,448
0,001192;0,452
0,001196;0,452
0,0012;0,456
0,001204;0,456
0,001208;0,456
0,001212;0,46
0,001216;0,464
0,00122;0,468
0,001224;0,468
0,001228;0,472
0,001232;0,476
0,001236;0,48
0,00124;0,48
0,001244;0,484
0,001248;0,488
0,001252;0,492
0,001256;0,496
0,00126;0,5
0,001264;0,504
0,001268;0,504
0,001272;0,508
0,001276;0,508
0,00128;0,516
0,001284;0,52
0,001288;0,524
0,001292;0,52
0,001296;0,532
0,0013;0,536
0,001304;0,536
0,001308;0,536
0,001312;0,544
0,001316;0,548
0,00132;0,54
0,001324;0,548
0,001328;0,556
0,001332;0,56
0,001336;0,556
0,00134;0,56
0,001344;0,56
0,001348;0,56
0,001352;0,564
0,001356;0,564
0,00136;0,568
0,001364;0,568
0,001368;0,564
0,001372;0,568
0,001376;0,572
0,00138;0,568
0,001384;0,564
0,001388;0,568
0,001392;0,568
0,001396;0,568
0,0014;0,568
0,001404;0,564
0,001408;0,568
0,001412;0,568
0,001416;0,572
0,00142;0,56
0,001424;0,564
0,001428;0,56
0,001432;0,56
0,001436;0,56
0,00144;0,556
0,001444;0,556
0,001448;0,552
0,001452;0,552
0,001456;0,548
0,00146;0,548
0,001464;0,548
0,001468;0,54
0,001472;0,54
0,001476;0,536
0,00148;0,54
0,001484;0,532
0,001488;0,528
0,001492;0,524
0,001496;0,52
0,0015;0,52
0,001504;0,516
0,001508;0,516
0,001512;0,512
0,001516;0,504
0,00152;0,504
0,001524;0,504
0,001528;0,496
0,001532;0,496
0,001536;0,492
0,00154;0,488
0,001544;0,492
0,001548;0,484
0,001552;0,484
0,001556;0,48
0,00156;0,488
0,001564;0,476
0,001568;0,472
0,001572;0,472
0,001576;0,468
0,00158;0,468
0,001584;0,464
0,001588;0,46
0,001592;0,468
0,001596;0,456
0,0016;0,456
0,001604;0,456
0,001608;0,452
0,001612;0,452
0,001616;0,448
0,00162;0,448
0,001624;0,444
0,001628;0,444
0,001632;0,444
0,001636;0,444
0,00164;0,436
0,001644;0,444
0,001648;0,44
0,001652;0,444
0,001656;0,44
0,00166;0,44
0,001664;0,436
0,001668;0,44
0,001672;0,44
0,001676;0,436
0,00168;0,44
0,001684;0,44
0,001688;0,44
0,001692;0,44
0,001696;0,448
0,0017;0,44
0,001704;0,44
0,001708;0,444
0,001712;0,444
0,001716;0,448
0,00172;0,448
0,001724;0,444
0,001728;0,448
0,001732;0,448
0,001736;0,452
0,00174;0,448
0,001744;0,456
0,001748;0,456
0,001752;0,46
0,001756;0,46
0,00176;0,46
0,001764;0,46
0,001768;0,46
0,001772;0,464
0,001776;0,464
0,00178;0,472
0,001784;0,472
0,001788;0,472
0,001792;0,476
0,001796;0,476
0,0018;0,48
0,001804;0,476
0,001808;0,48
0,001812;0,48
0,001816;0,48
0,00182;0,488
0,001824;0,488
0,001828;0,488
0,001832;0,492
0,001836;0,492
0,00184;0,496
0,001844;0,496
0,001848;0,504
0,001852;0,5
0,001856;0,5
0,00186;0,504
0,001864;0,508
0,001868;0,508
0,001872;0,508
0,001876;0,512
0,00188;0,512
0,001884;0,512
0,001888;0,52
0,001892;0,516
0,001896;0,52
0,0019;0,52
0,001904;0,52
0,001908;0,524
0,001912;0,52
0,001916;0,524
0,00192;0,528
0,001924;0,528
0,001928;0,528
0,001932;0,528
0,001936;0,532
0,00194;0,536
0,001944;0,532
0,001948;0,536
0,001952;0,54
0,001956;0,548
0,00196;0,54
0,001964;0,54
0,001968;0,54
0,001972;0,548
0,001976;0,544
0,00198;0,548
0,001984;0,548
0,001988;0,548
0,001992;0,548
0,001996;0,548
0,002;0,544
0,002004;0,548
0,002008;0,552
0,002012;0,552
0,002016;0,552
0,00202;0,556
0,002024;0,556
0,002028;0,556
0,002032;0,556
0,002036;0,56
0,00204;0,556
0,002044;0,556
0,002048;0,56
0,002052;0,556
0,002056;0,556
0,00206;0,556
0,002064;0,56
0,002068;0,56
0,002072;0,56
0,002076;0,556
0,00208;0,56
0,002084;0,56
0,002088;0,56
0,002092;0,56
0,002096;0,56
0,0021;0,56
0,002104;0,56
0,002108;0,564
0,002112;0,564
0,002116;0,564
0,00212;0,564
0,002124;0,56
0,002128;0,56
0,002132;0,56
0,002136;0,56
0,00214;0,564
0,002144;0,568
0,002148;0,564
0,002152;0,564
0,002156;0,56
0,00216;0,564
0,002164;0,564
0,002168;0,556
0,002172;0,56
0,002176;0,564
0,00218;0,56
0,002184;0,56
0,002188;0,564
0,002192;0,564
0,002196;0,564
0,0022;0,564
0,002204;0,56
0,002208;0,564
0,002212;0,564
0,002216;0,56
0,00222;0,56
0,002224;0,564
0,002228;0,56
0,002232;0,56
0,002236;0,564
0,00224;0,56
0,002244;0,56
0,002248;0,56
0,002252;0,564
0,002256;0,56
0,00226;0,564
0,002264;0,56
0,002268;0,56
0,002272;0,564
0,002276;0,56
0,00228;0,56
0,002284;0,56
0,002288;0,56
0,002292;0,56
0,002296;0,564
0,0023;0,56
0,002304;0,56
0,002308;0,56
0,002312;0,564
0,002316;0,564
0,00232;0,56
0,002324;0,56
0,002328;0,564
0,002332;0,564
0,002336;0,564
0,00234;0,56
0,002344;0,564
0,002348;0,56
0,002352;0,56
0,002356;0,56
0,00236;0,56
0,002364;0,564
0,002368;0,564
0,002372;0,56
0,002376;0,564
0,00238;0,56
0,002384;0,56
0,002388;0,56
0,002392;0,56
0,002396;0,564
0,0024;0,564
0,002404;0,564
0,002408;0,564
0,002412;0,56
0,002416;0,564
0,00242;0,564
0,002424;0,56
0,002428;0,564
0,002432;0,564
0,002436;0,564
0,00244;0,56
0,002444;0,56
0,002448;0,564
0,002452;0,56
0,002456;0,56
0,00246;0,564
0,002464;0,564
0,002468;0,564
0,002472;0,564
0,002476;0,564
0,00248;0,56
0,002484;0,564
0,002488;0,56
0,002492;0,564
0,002496;0,56
0,0025;0,56
0,002504;0,564
0,002508;0,56
0,002512;0,56
0,002516;0,56
0,00252;0,564
0,002524;0,564
0,002528;0,564
0,002532;0,564
0,002536;0,56
0,00254;0,56
0,002544;0,564
0,002548;0,56
0,002552;0,564
0,002556;0,56
0,00256;0,564
0,002564;0,56
0,002568;0,56
0,002572;0,564
0,002576;0,56
0,00258;0,56
0,002584;0,56
0,002588;0,56
0,002592;0,56
0,002596;0,56
0,0026;0,56
0,002604;0,56
0,002608;0,556
0,002612;0,56
0,002616;0,56
0,00262;0,56
0,002624;0,556
0,002628;0,56
0,002632;0,556
0,002636;0,556
0,00264;0,556
0,002644;0,556
0,002648;0,556
0,002652;0,556
0,002656;0,556
0,00266;0,556
0,002664;0,552
0,002668;0,552
0,002672;0,556
0,002676;0,552
0,00268;0,552
0,002684;0,552
0,002688;0,548
0,002692;0,552
0,002696;0,552
0,0027;0,552
0,002704;0,548
0,002708;0,548
0,002712;0,548
0,002716;0,544
0,00272;0,544
0,002724;0,544
0,002728;0,544
0,002732;0,544
0,002736;0,544
0,00274;0,54
0,002744;0,54
0,002748;0,54
0,002752;0,536
0,002756;0,536
0,00276;0,536
0,002764;0,536
0,002768;0,528
0,002772;0,532
0,002776;0,532
0,00278;0,528
0,002784;0,528
0,002788;0,524
0,002792;0,524
0,002796;0,528
0,0028;0,524
0,002804;0,524
0,002808;0,524
0,002812;0,52
0,002816;0,516
0,00282;0,52
0,002824;0,516
0,002828;0,516
0,002832;0,512
0,002836;0,512
0,00284;0,516
0,002844;0,508
0,002848;0,508
0,002852;0,504
0,002856;0,504
0,00286;0,504
0,002864;0,504
0,002868;0,504
0,002872;0,496
0,002876;0,496
0,00288;0,492
0,002884;0,496
0,002888;0,492
0,002892;0,488
0,002896;0,488
0,0029;0,488
0,002904;0,488
0,002908;0,484
0,002912;0,484
0,002916;0,484
0,00292;0,476
0,002924;0,476
0,002928;0,476
0,002932;0,476
0,002936;0,476
0,00294;0,476
0,002944;0,472
0,002948;0,468
0,002952;0,468
0,002956;0,468
0,00296;0,464
0,002964;0,464
0,002968;0,464
0,002972;0,46
0,002976;0,46
0,00298;0,456
0,002984;0,456
0,002988;0,456
0,002992;0,456
0,002996;0,452
0,003;0,452
0,003004;0,452
0,003008;0,448
0,003012;0,448
0,003016;0,448
0,00302;0,448
0,003024;0,444
0,003028;0,444
0,003032;0,444
0,003036;0,444
0,00304;0,44
0,003044;0,44
0,003048;0,444
0,003052;0,44
0,003056;0,44
0,00306;0,44
0,003064;0,44
0,003068;0,44
0,003072;0,44
0,003076;0,44
0,00308;0,44
0,003084;0,44
0,003088;0,44
0,003092;0,44
0,003096;0,44
0,0031;0,436
0,003104;0,44
0,003108;0,444
0,003112;0,444
0,003116;0,44
0,00312;0,444
0,003124;0,444
0,003128;0,44
0,003132;0,444
0,003136;0,448
0,00314;0,452
0,003144;0,452
0,003148;0,452
0,003152;0,452
0,003156;0,456
0,00316;0,46
0,003164;0,46
0,003168;0,46
0,003172;0,464
0,003176;0,464
0,00318;0,468
0,003184;0,468
0,003188;0,468
0,003192;0,476
0,003196;0,476
0,0032;0,48
0,003204;0,48
0,003208;0,48
0,003212;0,488
0,003216;0,488
0,00322;0,488
0,003224;0,492
0,003228;0,496
0,003232;0,496
0,003236;0,5
0,00324;0,5
0,003244;0,504
0,003248;0,508
0,003252;0,508
0,003256;0,512
0,00326;0,516
0,003264;0,516
0,003268;0,52
0,003272;0,52
0,003276;0,524
0,00328;0,528
0,003284;0,528
0,003288;0,528
0,003292;0,532
0,003296;0,54
0,0033;0,54
0,003304;0,544
0,003308;0,544
0,003312;0,548
0,003316;0,552
0,00332;0,552
0,003324;0,556
0,003328;0,552
0,003332;0,556
0,003336;0,556
0,00334;0,56
0,003344;0,56
0,003348;0,56
0,003352;0,564
0,003356;0,564
0,00336;0,564
0,003364;0,568
0,003368;0,568
0,003372;0,568
0,003376;0,572
0,00338;0,568
0,003384;0,568
0,003388;0,568
0,003392;0,568
0,003396;0,568
0,0034;0,568
0,003404;0,572
0,003408;0,564
0,003412;0,568
0,003416;0,568
0,00342;0,564
0,003424;0,564
0,003428;0,56
0,003432;0,56
0,003436;0,56
0,00344;0,556
0,003444;0,556
0,003448;0,556
0,003452;0,556
0,003456;0,552
0,00346;0,552
0,003464;0,548
0,003468;0,54
0,003472;0,54
0,003476;0,536
0,00348;0,536
0,003484;0,536
0,003488;0,532
0,003492;0,524
0,003496;0,524
0,0035;0,52
0,003504;0,516
0,003508;0,512
0,003512;0,508
0,003516;0,508
0,00352;0,504
0,003524;0,5
0,003528;0,496
0,003532;0,492
0,003536;0,488
0,00354;0,488
0,003544;0,484
0,003548;0,484
0,003552;0,476
0,003556;0,476
0,00356;0,472
0,003564;0,472
0,003568;0,468
0,003572;0,464
0,003576;0,46
0,00358;0,452
0,003584;0,452
0,003588;0,452
0,003592;0,452
0,003596;0,444
0,0036;0,448
0,003604;0,444
0,003608;0,44
0,003612;0,44
0,003616;0,44
0,00362;0,436
0,003624;0,436
0,003628;0,44
0,003632;0,436
0,003636;0,436
0,00364;0,436
0,003644;0,436
0,003648;0,436
0,003652;0,436
0,003656;0,436
0,00366;0,436
0,003664;0,436
0,003668;0,44
0,003672;0,44
0,003676;0,444
0,00368;0,44
0,003684;0,444
0,003688;0,444
0,003692;0,444
0,003696;0,448
0,0037;0,452
0,003704;0,456
0,003708;0,456
0,003712;0,464
0,003716;0,464
0,00372;0,468
0,003724;0,468
0,003728;0,472
0,003732;0,476
0,003736;0,48
0,00374;0,48
0,003744;0,484
0,003748;0,484
0,003752;0,492
0,003756;0,496
0,00376;0,5
0,003764;0,5
0,003768;0,504
0,003772;0,512
0,003776;0,512
0,00378;0,516
0,003784;0,52
0,003788;0,52
0,003792;0,524
0,003796;0,524
0,0038;0,532
0,003804;0,532
0,003808;0,536
0,003812;0,54
0,003816;0,544
0,00382;0,544
0,003824;0,548
0,003828;0,548
0,003832;0,552
0,003836;0,552
0,00384;0,556
0,003844;0,556
0,003848;0,556
0,003852;0,56
0,003856;0,556
0,00386;0,56
0,003864;0,556
0,003868;0,564
0,003872;0,56
0,003876;0,56
0,00388;0,56
0,003884;0,564
0,003888;0,56
0,003892;0,56
0,003896;0,56
0,0039;0,56
0,003904;0,56
0,003908;0,56
0,003912;0,556
0,003916;0,556
0,00392;0,556
0,003924;0,548
0,003928;0,552
0,003932;0,544
0,003936;0,544
0,00394;0,54
0,003944;0,536
0,003948;0,54
0,003952;0,532
0,003956;0,532
0,00396;0,528
0,003964;0,524
0,003968;0,524
0,003972;0,516
0,003976;0,516
0,00398;0,512
0,003984;0,508
0,003988;0,508
0,003992;0,504
0,003996;0,5
0,004;0,492
0,004004;0,492
0,004008;0,488
0,004012;0,484
0,004016;0,48
0,00402;0,48
0,004024;0,476
0,004028;0,476
0,004032;0,472
0,004036;0,472
0,00404;0,464
0,004044;0,464
0,004048;0,464
0,004052;0,46
0,004056;0,456
0,00406;0,452
0,004064;0,456
0,004068;0,452
0,004072;0,452
0,004076;0,448
0,00408;0,448
0,004084;0,444
0,004088;0,448
0,004092;0,444
0,004096;0,44
0,0041;0,44
0,004104;0,444
0,004108;0,444
0,004112;0,444
0,004116;0,444
0,00412;0,444
0,004124;0,44
0,004128;0,448
0,004132;0,444
0,004136;0,448
0,00414;0,448
0,004144;0,452
0,004148;0,448
0,004152;0,452
0,004156;0,456
0,00416;0,456
0,004164;0,456
0,004168;0,46
0,004172;0,464
0,004176;0,468
0,00418;0,464
0,004184;0,472
0,004188;0,472
0,004192;0,476
0,004196;0,476
0,0042;0,48
0,004204;0,484
0,004208;0,488
0,004212;0,488
0,004216;0,492
0,00422;0,496
0,004224;0,5
0,004228;0,5
0,004232;0,508
0,004236;0,508
0,00424;0,508
0,004244;0,512
0,004248;0,516
0,004252;0,516
0,004256;0,52
0,00426;0,524
0,004264;0,524
0,004268;0,528
0,004272;0,532
0,004276;0,54
0,00428;0,54
0,004284;0,54
0,004288;0,544
0,004292;0,544
0,004296;0,548
0,0043;0,552
0,004304;0,548
0,004308;0,552
0,004312;0,556
0,004316;0,556
0,00432;0,56
0,004324;0,56
0,004328;0,56
0,004332;0,56
0,004336;0,564
0,00434;0,564
0,004344;0,568
0,004348;0,564
0,004352;0,568
0,004356;0,568
0,00436;0,568
0,004364;0,568
0,004368;0,568
0,004372;0,568
0,004376;0,572
0,00438;0,568
0,004384;0,572
0,004388;0,568
0,004392;0,568
0,004396;0,568
0,0044;0,568
0,004404;0,568
0,004408;0,564
0,004412;0,568
0,004416;0,568
0,00442;0,564
0,004424;0,564
0,004428;0,56
0,004432;0,56
0,004436;0,556
0,00444;0,56
0,004444;0,56
0,004448;0,556
0,004452;0,556
0,004456;0,552
0,00446;0,552
0,004464;0,548
0,004468;0,548
0,004472;0,544
0,004476;0,544
0,00448;0,544
0,004484;0,54
0,004488;0,54
0,004492;0,54
0,004496;0,536
0,0045;0,532
0,004504;0,532
0,004508;0,524
0,004512;0,528
0,004516;0,524
0,00452;0,52
0,004524;0,52
0,004528;0,516
0,004532;0,516
0,004536;0,516
0,00454;0,512
0,004544;0,512
0,004548;0,508
0,004552;0,508
0,004556;0,504
0,00456;0,504
0,004564;0,5
0,004568;0,5
0,004572;0,5
0,004576;0,492
0,00458;0,492
0,004584;0,492
0,004588;0,492
0,004592;0,492
0,004596;0,484
0,0046;0,488
0,004604;0,484
0,004608;0,48
0,004612;0,48
0,004616;0,48
0,00462;0,476
0,004624;0,476
0,004628;0,476
0,004632;0,476
0,004636;0,468
0,00464;0,468
0,004644;0,468
0,004648;0,468
0,004652;0,468
0,004656;0,468
0,00466;0,464
0,004664;0,464
0,004668;0,46
0,004672;0,456
0,004676;0,456
0,00468;0,46
0,004684;0,452
0,004688;0,46
0,004692;0,456
0,004696;0,452
0,0047;0,456
0,004704;0,452
0,004708;0,448
0,004712;0,452
0,004716;0,452
0,00472;0,452
0,004724;0,448
0,004728;0,448
0,004732;0,448
0,004736;0,448
0,00474;0,448
0,004744;0,448
0,004748;0,448
0,004752;0,444
0,004756;0,44
0,00476;0,444
0,004764;0,444
0,004768;0,444
0,004772;0,444
0,004776;0,444
0,00478;0,444
0,004784;0,44
0,004788;0,444
0,004792;0,444
0,004796;0,444
0,0048;0,44
0,004804;0,44
0,004808;0,444
0,004812;0,444
0,004816;0,444
0,00482;0,444
0,004824;0,44
0,004828;0,444
0,004832;0,444
0,004836;0,444
0,00484;0,444
0,004844;0,44
0,004848;0,44
0,004852;0,44
0,004856;0,44
0,00486;0,44
0,004864;0,444
0,004868;0,444
0,004872;0,444
0,004876;0,44
0,00488;0,44
0,004884;0,444
0,004888;0,444
0,004892;0,44
0,004896;0,444
0,0049;0,44
0,004904;0,44
0,004908;0,444
0,004912;0,444
0,004916;0,44
0,00492;0,44
0,004924;0,444
0,004928;0,444
0,004932;0,44
0,004936;0,444
0,00494;0,444
0,004944;0,448
0,004948;0,444
0,004952;0,44
0,004956;0,444
0,00496;0,444
0,004964;0,444
0,004968;0,444
0,004972;0,444
0,004976;0,444
0,00498;0,444
0,004984;0,444
0,004988;0,444
0,004992;0,444
0,004996;0,44
